{
  "adapter_dir": "/checkpoints/qwen36-hermes-v0-sft-smoke",
  "all_params": 34668966528,
  "avg_label_tokens": 27.9541015625,
  "avg_tokens": 72.5068359375,
  "base_model": "unsloth/Qwen3.6-35B-A3B",
  "config_run_name": "qwen36-hermes-v0-sft-main",
  "cuda_memory_allocated_gb_final": 69.549725696,
  "cuda_memory_allocated_gb_loaded": 69.33794048,
  "cuda_memory_reserved_gb_final": 80.325115904,
  "cuda_memory_reserved_gb_loaded": 79.656124416,
  "elapsed_seconds": 337.9421274662018,
  "error": null,
  "final_loss": 1.5878485441207886,
  "gpu_request": "H100:2",
  "grad_accum": 16,
  "initial_loss": 5.029269218444824,
  "label_masking": "assistant_only",
  "learning_rate": 0.0001,
  "loaded_rows": 1024,
  "lora_alpha": 32,
  "lora_r": 16,
  "loss_delta": 3.4414206743240356,
  "max_label_tokens": 111,
  "max_seq_length": 2048,
  "max_steps": 20,
  "max_tokens": 152,
  "micro_steps": 320,
  "min_label_tokens": 8,
  "min_tokens": 45,
  "model": "unsloth/Qwen3.6-35B-A3B",
  "optimizer_steps": 20,
  "smoke_generation": "ACTION terminal {\"command\":\"date +%T\"}",
  "stage": "done",
  "step_losses_tail": [
    5.029269218444824,
    2.7638256549835205,
    2.9889187812805176,
    1.4137234687805176,
    1.3474513292312622,
    1.5873990058898926,
    1.1996768712997437,
    1.144806981086731,
    1.1620522737503052,
    4.170135498046875,
    1.2048124074935913,
    3.6058144569396973,
    1.1142477989196777,
    0.6492984890937805,
    0.7415777444839478,
    0.08458667248487473,
    0.4358605444431305,
    0.2895102798938751,
    0.5980190634727478,
    1.5878485441207886
  ],
  "target_modules": [
    "q_proj",
    "k_proj",
    "v_proj",
    "o_proj",
    "gate_proj",
    "up_proj",
    "down_proj",
    "gate_up_proj"
  ],
  "tokenized_rows": 1024,
  "train_limit": 1024,
  "trainable_params": 8355840,
  "trainable_percent": 0.024101785651012987
}
